{
	"vertices": [7.76562,5.17188,17.51562,9.76562,-1.25000,17.64062,9.67188,5.39062,17.51562,11.51562,-0.62500,17.81250,13.18750,-4.81250,13.17188,11.53125,-5.68750,12.89062,7.03125,8.35938,14.56250,8.87500,8.70312,14.62500,13.64062,-5.10938,8.75000,11.93750,-5.87500,8.51562,6.51562,11.60938,8.34375,8.48438,11.12500,10.21875,13.60938,-3.75000,3.89062,11.85938,-3.82812,1.78125,11.50000,-0.43750,17.35938,9.75000,5.23438,17.07812,13.07812,-4.39062,12.98438,9.00000,8.35938,14.34375,13.50000,-4.67188,8.79688,8.62500,10.70312,10.04688,13.46875,-3.32812,4.07812,6.51562,11.60938,8.34375,8.48438,11.12500,10.21875,12.75000,12.01562,8.23438,12.78125,11.15625,10.03125,17.09375,9.34375,6.93750,17.07812,8.53125,8.76562,19.18750,3.89062,4.60938,19.14062,3.12500,6.45312,16.82812,-0.42188,2.95312,16.82812,-1.12500,4.81250,11.85938,-3.82812,1.78125,13.60938,-3.75000,3.89062,8.62500,10.70312,10.04688,12.70312,10.73438,9.85938,16.75000,8.26562,8.67188,18.68750,3.15625,6.50000,16.51562,-0.84375,4.95312,13.46875,-3.32812,4.07812,8.54688,3.06250,16.14062,7.60938,6.78125,13.40625,15.15625,3.04688,11.78125,11.31250,-3.93750,8.84375,10.75000,-3.48438,14.06250,7.17188,9.71875,7.53125,12.43750,10.18750,7.50000,15.71875,8.18750,6.53125,17.29688,4.06250,4.76562,15.51562,0.81250,3.51562,9.76562,-1.25000,17.64062,7.76562,5.17188,17.51562,8.54688,3.06250,16.14062,11.53125,-5.68750,12.89062,10.75000,-3.48438,14.06250,7.60938,6.78125,13.40625,7.03125,8.35938,14.56250,11.31250,-3.93750,8.84375,11.93750,-5.87500,8.51562,7.17188,9.71875,7.53125,6.51562,11.60938,8.34375,11.20312,-1.92188,2.59375,11.85938,-3.82812,1.78125,12.43750,10.18750,7.50000,7.17188,9.71875,7.53125,12.75000,12.01562,8.23438,6.51562,11.60938,8.34375,15.71875,8.18750,6.53125,17.09375,9.34375,6.93750,17.29688,4.06250,4.76562,19.18750,3.89062,4.60938,15.51562,0.81250,3.51562,16.82812,-0.42188,2.95312,11.20312,-1.92188,2.59375,11.85938,-3.82812,1.78125,9.75000,5.23438,17.07812,11.50000,-0.43750,17.35938,12.10938,5.29688,17.00000,15.68750,1.71875,15.37500,14.82812,-2.95312,13.48438,13.07812,-4.39062,12.98438,9.00000,8.35938,14.34375,12.68750,8.37500,14.18750,17.37500,3.68750,12.06250,16.23438,-2.42188,9.59375,13.50000,-4.67188,8.79688,8.62500,10.70312,10.04688,12.70312,10.73438,9.85938,16.75000,8.26562,8.67188,18.68750,3.15625,6.50000,16.51562,-0.84375,4.95312,13.46875,-3.32812,4.07812,11.20312,-1.92188,2.59375,11.31250,-3.93750,8.84375,15.51562,0.81250,3.51562],
	"texCoords": [0.50489,0.84645,0.50489,0.75978,0.53765,0.84439,0.53765,0.76082,0.53765,0.67525,0.50489,0.67311,0.50489,0.90302,0.53765,0.90273,0.53765,0.61685,0.50489,0.61653,0.50489,0.99349,0.53765,0.96753,0.53765,0.55206,0.50489,0.52607,0.54580,0.76084,0.54580,0.84661,0.54580,0.67315,0.54580,0.90370,0.54580,0.61594,0.54580,0.96694,0.54580,0.55271,0.55785,0.53446,0.59346,0.56416,0.55976,0.63482,0.59478,0.63349,0.56137,0.71945,0.59639,0.71818,0.56326,0.81923,0.59832,0.81966,0.56485,0.90285,0.59991,0.90286,0.56673,1.00171,0.60120,0.97114,0.60098,0.56629,0.60223,0.63193,0.60384,0.71617,0.60585,0.82208,0.60740,0.90360,0.60862,0.96823,0.22547,0.36062,0.24230,0.33911,0.24487,0.36116,0.23671,0.38593,0.22300,0.37615,0.26339,0.33260,0.26685,0.34456,0.26737,0.35390,0.26668,0.36867,0.26261,0.37996,0.75026,0.66383,0.79665,0.56394,0.80424,0.60576,0.79665,0.76371,0.79291,0.72168,0.87408,0.56523,0.86617,0.53307,0.87408,0.76221,0.86617,0.79458,0.98905,0.55678,0.98905,0.52186,0.98905,0.77066,0.98905,0.80579,0.69178,0.73524,0.78219,0.75436,0.67628,0.76390,0.78219,0.78929,0.64888,0.68509,0.61933,0.69732,0.64618,0.60867,0.61574,0.59587,0.69442,0.56386,0.67978,0.53638,0.78219,0.54048,0.78219,0.50535,0.69003,0.80859,0.81240,0.79642,0.71598,0.82538,0.81365,0.85142,0.90732,0.82523,0.93596,0.80741,0.63429,0.91076,0.68703,0.91118,0.81330,0.91226,0.93496,0.91317,0.99119,0.91362,0.62585,0.98895,0.68191,0.98940,0.76109,0.99003,0.86409,0.99086,0.93809,0.99145,0.99795,0.99193,0.23349,0.35384,0.22547,0.36062,0.24230,0.33911],
	"normals": [-0.07868,0.46461,0.88198,0.02506,-0.23389,0.97192,0.62615,0.36305,0.68999,0.76370,-0.11228,0.63570,0.89459,-0.36665,0.25544,0.30717,-0.79452,0.52379,-0.18793,0.79830,0.57213,0.55058,0.67425,0.49214,0.91205,-0.40782,-0.04270,0.43196,-0.90139,-0.02893,-0.23328,0.85372,0.46550,0.23597,0.86453,0.44368,0.98907,-0.14023,-0.04505,0.38673,-0.88433,-0.26142,0.95306,0.28986,0.08734,0.95294,0.29380,0.07422,0.95401,0.28880,0.08029,0.95486,0.28861,0.07010,0.95291,0.29353,0.07596,0.95486,0.28773,0.07355,0.95550,0.28520,0.07489,-0.05658,0.95065,0.30500,0.01572,0.39253,0.91958,0.18143,0.90768,0.37837,0.29438,0.29463,0.90912,0.72124,0.62923,0.28953,0.60601,0.05310,0.79363,0.99695,0.06125,0.04822,0.68596,-0.39943,0.60817,0.80963,-0.54973,-0.20554,0.55077,-0.71151,0.43632,0.61348,-0.68282,-0.39668,0.53804,-0.77563,0.32997,0.04553,-0.36384,0.93033,0.04193,-0.37684,0.92529,0.04004,-0.37944,0.92434,0.05988,-0.37962,0.92318,0.06305,-0.39167,0.91791,0.05646,-0.39216,0.91815,-0.52919,-0.27894,-0.80132,-0.27940,-0.72338,-0.63134,-0.82922,-0.04895,-0.55675,-0.83554,0.52623,-0.15784,-0.77367,0.33390,-0.53841,0.07651,-0.88949,-0.45045,-0.31400,-0.71935,-0.61959,-0.76528,-0.41700,-0.49031,-0.94974,0.16520,-0.26585,-0.83020,0.52794,-0.17881,-0.95163,-0.29682,-0.07904,-0.95102,-0.29752,-0.08390,-0.95172,-0.29640,-0.07978,-0.95212,-0.29597,-0.07639,-0.95193,-0.29646,-0.07682,-0.95239,-0.29530,-0.07550,-0.95218,-0.29539,-0.07773,-0.95236,-0.29505,-0.07694,-0.95254,-0.29432,-0.07746,-0.95172,-0.29698,-0.07761,-0.95224,-0.29560,-0.07617,-0.95251,-0.29423,-0.07828,-0.95242,-0.29444,-0.07843,-0.04190,0.37791,-0.92486,-0.04013,0.38032,-0.92398,-0.04111,0.37977,-0.92413,-0.04111,0.38240,-0.92306,-0.04324,0.37803,-0.92474,-0.04364,0.37776,-0.92486,-0.04157,0.37858,-0.92462,-0.04276,0.37849,-0.92459,-0.04151,0.37840,-0.92468,-0.04126,0.37806,-0.92483,-0.04285,0.37919,-0.92431,-0.04190,0.37855,-0.92462,0.02350,0.48933,0.87176,0.35875,-0.26008,0.89645,0.40449,0.34764,0.84588,0.77190,-0.12064,0.62416,0.65413,-0.62722,0.42268,0.49687,-0.75420,0.42924,0.02051,0.81707,0.57613,0.36204,0.69069,0.62597,0.87848,0.18445,0.44072,0.84286,-0.53417,0.06470,0.63424,-0.77309,0.00595,0.01523,0.87832,0.47777,0.20481,0.85925,0.46873,0.76757,0.51277,0.38450,0.97989,-0.15775,0.12204,0.78631,-0.59789,-0.15564,0.65514,-0.72591,-0.20920,-0.55611,0.78808,0.26389,-0.55611,0.78808,0.26389,-0.55611,0.78808,0.26389],
	"indices": [0,1,2,2,1,3,4,3,5,5,3,1,6,0,7,7,0,2,8,4,9,9,4,5,10,6,11,12,8,13,11,6,7,13,8,9,14,15,3,2,3,15,16,14,4,4,14,3,15,17,2,7,2,17,18,16,8,4,8,16,17,19,7,11,7,19,20,18,12,8,12,18,21,22,23,23,24,25,25,26,27,27,28,29,29,30,31,28,30,29,30,32,31,26,28,27,24,26,25,22,24,23,33,34,22,24,22,34,34,35,24,26,24,35,35,36,26,28,26,36,36,37,28,30,28,37,37,38,30,32,30,38,39,40,41,41,42,43,40,44,45,41,45,46,41,46,47,41,47,48,41,48,42,39,41,43,40,45,41,49,50,51,52,49,53,54,51,55,50,55,51,53,56,52,57,52,56,58,54,59,55,59,54,51,53,49,56,60,57,61,57,60,62,63,64,65,64,63,66,62,67,64,67,62,68,66,69,67,69,66,70,68,71,69,71,68,72,70,73,71,73,70,74,75,76,77,76,75,77,75,78,78,75,79,80,74,81,81,74,76,81,76,82,82,76,77,82,77,83,83,77,78,83,78,84,84,78,79,85,80,86,86,81,87,87,82,88,88,82,83,89,83,90,89,88,83,90,83,84,87,81,82,86,80,81,91,92,93]
}
